{
  "project_info": {
    "project_number": "814847886869",
    "firebase_url": "https://eatingalone-87cfc.firebaseio.com",
    "project_id": "eatingalone-87cfc",
    "storage_bucket": "eatingalone-87cfc.appspot.com"
  },
  "client": [
    {
      "client_info": {
        "mobilesdk_app_id": "1:814847886869:android:c042682de9abea5b",
        "android_client_info": {
          "package_name": "graduation.work.eatingalone"
        }
      },
      "oauth_client": [
        {
          "client_id": "814847886869-l017qe479kotoa76nnvrnj4q3r5ae0q9.apps.googleusercontent.com",
          "client_type": 1,
          "android_info": {
            "package_name": "graduation.work.eatingalone",
            "certificate_hash": "b2dcbe9c27d6a3c61db040d58abff6eda7b7fa4f"
          }
        },
        {
          "client_id": "814847886869-ep3m32t85rcpfnqp1j3evflqp1f9l8ek.apps.googleusercontent.com",
          "client_type": 3
        }
      ],
      "api_key": [
        {
          "current_key": "AIzaSyDJSDSIPAzgfIQp1kY-QakDQC8wEuxgZGY"
        }
      ],
      "services": {
        "analytics_service": {
          "status": 1
        },
        "appinvite_service": {
          "status": 2,
          "other_platform_oauth_client": [
            {
              "client_id": "814847886869-ep3m32t85rcpfnqp1j3evflqp1f9l8ek.apps.googleusercontent.com",
              "client_type": 3
            }
          ]
        },
        "ads_service": {
          "status": 2
        }
      }
    }
  ],
  "configuration_version": "1"
}